{
  "authors": [
    "Various"
  ],
  "category": "sector",
  "description": "Cert EU GovSector",
  "name": "Cert EU GovSector",
  "source": "CERT-EU",
  "type": "cert-eu-govsector",
  "uuid": "69351b20-b898-11e7-a2f1-c3e696a74a48",
  "values": [
    {
      "uuid": "8ebd301f-067f-499d-8718-f63c8ced73ac",
      "value": "Constituency"
    },
    {
      "uuid": "bf3fd6a1-692e-4d77-b17d-496f71eebac9",
      "value": "EU-Centric"
    },
    {
      "uuid": "536dada1-30e5-453a-9611-33597ab5c373",
      "value": "EU-nearby"
    },
    {
      "uuid": "8024aa5d-d0b0-4114-87c9-92e358c96850",
      "value": "World-class"
    },
    {
      "uuid": "32f8b3dd-defc-47c8-a070-378f5e0e1be8",
      "value": "Unknown"
    },
    {
      "uuid": "adc80f46-86ef-4de8-95d1-15c45c15d002",
      "value": "Outside World"
    }
  ],
  "version": 2
}
