{
  "authors": [
    "DISARM Project"
  ],
  "category": "disarm",
  "description": "DISARM is a framework designed for describing and understanding disinformation incidents.",
  "name": "Actor Types",
  "source": "https://github.com/DISARMFoundation/DISARMframeworks",
  "type": "disarm-actortypes",
  "uuid": "f1cb3e2f-f760-54a1-a3aa-a4f0fc342750",
  "values": [
    {
      "description": "Person who can wrangle data, implement machine learning algorithms etc",
      "meta": {
        "external_id": "A001",
        "kill_chain": [
          "sectors:Nonprofit",
          "sectors:Civil Society",
          "sectors:Government",
          "sectors:Academic",
          "sectors:Activist",
          "sectors:General Public",
          "sectors:Social Media Company",
          "sectors:Other Tech Company",
          "sectors:Other Company",
          "sectors:Media"
        ],
        "refs": [
          "https://github.com/DISARMFoundation/DISARMframeworks/blob/main/generated_pages/actortypes/A001.md"
        ]
      },
      "related": [
        {
          "dest-uuid": "9167d3c2-1f91-58f1-9dc2-fbe948f6b31c",
          "type": "affects"
        },
        {
          "dest-uuid": "590350b9-2614-572b-825b-b2498ebf4c17",
          "type": "affects"
        },
        {
          "dest-uuid": "187285bb-a282-5a6a-833e-01d9744165c4",
          "type": "detects"
        },
        {
          "dest-uuid": "d4f0dd4b-6818-52a4-b4ca-e1fef024c1a0",
          "type": "detects"
        },
        {
          "dest-uuid": "5aca53f0-2c85-5298-9eeb-4ac8325abb6b",
          "type": "detects"
        },
        {
          "dest-uuid": "d24431db-fc6e-5c62-b3d0-113a2219dbec",
          "type": "detects"
        },
        {
          "dest-uuid": "745658e5-5437-5f92-b2c4-80569a3cb330",
          "type": "detects"
        },
        {
          "dest-uuid": "d3216499-77fd-528e-8b65-7c3bded9adda",
          "type": "detects"
        },
        {
          "dest-uuid": "1dc819ef-5eb6-51df-9614-bc9bf8218279",
          "type": "detects"
        }
      ],
      "uuid": "03aaf19c-42b9-5b8e-9d47-a6bb291f10fa",
      "value": "data scientist"
    },
    {
      "description": "Person being targeted by disinformation campaign",
      "meta": {
        "external_id": "A002",
        "kill_chain": [
          "sectors:Nonprofit",
          "sectors:Civil Society",
          "sectors:Government",
          "sectors:Academic",
          "sectors:Activist",
          "sectors:General Public",
          "sectors:Social Media Company",
          "sectors:Other Tech Company",
          "sectors:Other Company",
          "sectors:Media"
        ],
        "refs": [
          "https://github.com/DISARMFoundation/DISARMframeworks/blob/main/generated_pages/actortypes/A002.md"
        ]
      },
      "related": [],
      "uuid": "d202541b-34c0-573f-9e70-d6b0568194f6",
      "value": "target"
    },
    {
      "description": "Influencer",
      "meta": {
        "external_id": "A003",
        "kill_chain": [
          "sectors:Nonprofit",
          "sectors:Civil Society",
          "sectors:Government",
          "sectors:Academic",
          "sectors:Activist",
          "sectors:General Public",
          "sectors:Social Media Company",
          "sectors:Other Tech Company",
          "sectors:Other Company",
          "sectors:Media"
        ],
        "refs": [
          "https://github.com/DISARMFoundation/DISARMframeworks/blob/main/generated_pages/actortypes/A003.md"
        ]
      },
      "related": [
        {
          "dest-uuid": "67bab8b7-908b-5b0f-bf56-26502798d743",
          "type": "affects"
        }
      ],
      "uuid": "52f3153f-d7ab-5e42-9ee6-aea591856214",
      "value": "trusted authority"
    },
    {
      "description": "",
      "meta": {
        "external_id": "A004",
        "kill_chain": [
          "sectors:Civil Society"
        ],
        "refs": [
          "https://github.com/DISARMFoundation/DISARMframeworks/blob/main/generated_pages/actortypes/A004.md"
        ]
      },
      "related": [
        {
          "dest-uuid": "d7895c21-5e79-58db-b055-1e065abf524b",
          "type": "affects"
        },
        {
          "dest-uuid": "2fe43d88-db8f-5156-98fb-4b9db0e5fff3",
          "type": "affects"
        }
      ],
      "uuid": "d710c91e-a2f2-54ba-9477-fe51b9f31f76",
      "value": "activist"
    },
    {
      "description": "",
      "meta": {
        "external_id": "A005",
        "kill_chain": [
          "sectors:Civil Society"
        ],
        "refs": [
          "https://github.com/DISARMFoundation/DISARMframeworks/blob/main/generated_pages/actortypes/A005.md"
        ]
      },
      "related": [
        {
          "dest-uuid": "c52274ce-09fe-5b50-b2f2-741be794da6e",
          "type": "affects"
        }
      ],
      "uuid": "09f16551-695e-5d72-b58f-6cd256f7cb68",
      "value": "community group"
    },
    {
      "description": "",
      "meta": {
        "external_id": "A006",
        "kill_chain": [
          "sectors:Civil Society"
        ],
        "refs": [
          "https://github.com/DISARMFoundation/DISARMframeworks/blob/main/generated_pages/actortypes/A006.md"
        ]
      },
      "related": [
        {
          "dest-uuid": "60e783f2-4e22-5495-abdf-cb73e1a5a4c1",
          "type": "affects"
        },
        {
          "dest-uuid": "523a0f1c-bb9e-5784-8838-ca7bc389688b",
          "type": "affects"
        },
        {
          "dest-uuid": "943ccc85-a339-5e32-ade9-09bc4bf6b4fd",
          "type": "affects"
        },
        {
          "dest-uuid": "c52274ce-09fe-5b50-b2f2-741be794da6e",
          "type": "affects"
        },
        {
          "dest-uuid": "5c8fc207-b237-58cc-bedd-024fea386a7a",
          "type": "affects"
        },
        {
          "dest-uuid": "d00320eb-5cc4-52e1-ae09-8b2d79affda2",
          "type": "affects"
        }
      ],
      "uuid": "a73d7508-4e4b-57d8-9dbf-15ac73b65a15",
      "value": "educator"
    },
    {
      "description": "Someone with the skills to verify whether information posted is factual",
      "meta": {
        "external_id": "A007",
        "kill_chain": [
          "sectors:Civil Society"
        ],
        "refs": [
          "https://github.com/DISARMFoundation/DISARMframeworks/blob/main/generated_pages/actortypes/A007.md"
        ]
      },
      "related": [
        {
          "dest-uuid": "26781c01-b62d-5091-99f4-047e4a0e825e",
          "type": "affects"
        },
        {
          "dest-uuid": "5036147d-f885-5d57-98ea-2e0c478611cc",
          "type": "affects"
        }
      ],
      "uuid": "997129f2-3afb-5d5e-9b67-d864c9721676",
      "value": "factchecker"
    },
    {
      "description": "",
      "meta": {
        "external_id": "A008",
        "kill_chain": [
          "sectors:Civil Society"
        ],
        "refs": [
          "https://github.com/DISARMFoundation/DISARMframeworks/blob/main/generated_pages/actortypes/A008.md"
        ]
      },
      "related": [
        {
          "dest-uuid": "c52274ce-09fe-5b50-b2f2-741be794da6e",
          "type": "affects"
        }
      ],
      "uuid": "b2457b24-f997-573e-9c25-90eab4559f8e",
      "value": "library"
    },
    {
      "description": "",
      "meta": {
        "external_id": "A009",
        "kill_chain": [
          "sectors:Civil Society"
        ],
        "refs": [
          "https://github.com/DISARMFoundation/DISARMframeworks/blob/main/generated_pages/actortypes/A009.md"
        ]
      },
      "related": [
        {
          "dest-uuid": "c52274ce-09fe-5b50-b2f2-741be794da6e",
          "type": "affects"
        }
      ],
      "uuid": "253aa4f0-d720-50b7-a462-70c85f5f5b9f",
      "value": "NGO"
    },
    {
      "description": "",
      "meta": {
        "external_id": "A010",
        "kill_chain": [
          "sectors:Civil Society"
        ],
        "refs": [
          "https://github.com/DISARMFoundation/DISARMframeworks/blob/main/generated_pages/actortypes/A010.md"
        ]
      },
      "related": [
        {
          "dest-uuid": "c52274ce-09fe-5b50-b2f2-741be794da6e",
          "type": "affects"
        }
      ],
      "uuid": "c198d0db-7fea-523d-acc5-24b1e7d3f47c",
      "value": "religious organisation"
    },
    {
      "description": "",
      "meta": {
        "external_id": "A011",
        "kill_chain": [
          "sectors:Civil Society"
        ],
        "refs": [
          "https://github.com/DISARMFoundation/DISARMframeworks/blob/main/generated_pages/actortypes/A011.md"
        ]
      },
      "related": [],
      "uuid": "f5b2ceb2-8f32-58f7-9225-c71a8242c932",
      "value": "school"
    },
    {
      "description": "Anyone who owns an account online",
      "meta": {
        "external_id": "A012",
        "kill_chain": [
          "sectors:General Public"
        ],
        "refs": [
          "https://github.com/DISARMFoundation/DISARMframeworks/blob/main/generated_pages/actortypes/A012.md"
        ]
      },
      "related": [
        {
          "dest-uuid": "5481cc36-5af8-5ddf-bcb7-638d3be3f583",
          "type": "affects"
        }
      ],
      "uuid": "e2947637-eba1-526e-820d-7d9c0d27b6be",
      "value": "account owner"
    },
    {
      "description": "",
      "meta": {
        "external_id": "A013",
        "kill_chain": [
          "sectors:General Public"
        ],
        "refs": [
          "https://github.com/DISARMFoundation/DISARMframeworks/blob/main/generated_pages/actortypes/A013.md"
        ]
      },
      "related": [
        {
          "dest-uuid": "686ccd43-c358-5d5d-bd42-3e2279151670",
          "type": "affects"
        }
      ],
      "uuid": "6330d1dc-258f-5631-95e2-66390937cec3",
      "value": "content creator"
    },
    {
      "description": "",
      "meta": {
        "external_id": "A014",
        "kill_chain": [
          "sectors:General Public"
        ],
        "refs": [
          "https://github.com/DISARMFoundation/DISARMframeworks/blob/main/generated_pages/actortypes/A014.md"
        ]
      },
      "related": [
        {
          "dest-uuid": "7ef86cff-4401-518b-92fc-a0d88c23f280",
          "type": "affects"
        }
      ],
      "uuid": "019e73b3-c4be-5a28-a86b-4eb6d2df1217",
      "value": "elves"
    },
    {
      "description": "",
      "meta": {
        "external_id": "A015",
        "kill_chain": [
          "sectors:General Public"
        ],
        "refs": [
          "https://github.com/DISARMFoundation/DISARMframeworks/blob/main/generated_pages/actortypes/A015.md"
        ]
      },
      "related": [
        {
          "dest-uuid": "1744386c-0d46-54a8-a5b8-cba1bd7dc369",
          "type": "affects"
        },
        {
          "dest-uuid": "8cfe6ea3-7271-5578-b4f7-8eb3edbe43f5",
          "type": "affects"
        },
        {
          "dest-uuid": "7ef86cff-4401-518b-92fc-a0d88c23f280",
          "type": "affects"
        },
        {
          "dest-uuid": "11380b67-28d8-5034-a79b-fbb6150ad302",
          "type": "affects"
        },
        {
          "dest-uuid": "187285bb-a282-5a6a-833e-01d9744165c4",
          "type": "detects"
        },
        {
          "dest-uuid": "94d622e2-5909-5f88-aaaf-846907cbda1f",
          "type": "detects"
        },
        {
          "dest-uuid": "61aa4bb6-218c-5a10-9f1c-1a494f6871e7",
          "type": "detects"
        },
        {
          "dest-uuid": "7806c5d1-7c44-5ff5-a539-361c3381a67d",
          "type": "detects"
        }
      ],
      "uuid": "f6c98378-65be-5f14-af3e-326909d70d77",
      "value": "general public"
    },
    {
      "description": "",
      "meta": {
        "external_id": "A016",
        "kill_chain": [
          "sectors:General Public"
        ],
        "refs": [
          "https://github.com/DISARMFoundation/DISARMframeworks/blob/main/generated_pages/actortypes/A016.md"
        ]
      },
      "related": [
        {
          "dest-uuid": "60e783f2-4e22-5495-abdf-cb73e1a5a4c1",
          "type": "affects"
        },
        {
          "dest-uuid": "590350b9-2614-572b-825b-b2498ebf4c17",
          "type": "affects"
        },
        {
          "dest-uuid": "a479d596-6f66-53eb-ae24-d3a67536464f",
          "type": "affects"
        }
      ],
      "uuid": "ebd92d67-1d68-5542-8b48-3cfc939db88a",
      "value": "influencer"
    },
    {
      "description": "For example the DHS",
      "meta": {
        "external_id": "A017",
        "kill_chain": [
          "sectors:Government"
        ],
        "refs": [
          "https://github.com/DISARMFoundation/DISARMframeworks/blob/main/generated_pages/actortypes/A017.md"
        ]
      },
      "related": [
        {
          "dest-uuid": "c52274ce-09fe-5b50-b2f2-741be794da6e",
          "type": "affects"
        }
      ],
      "uuid": "91c80826-4428-5a58-8e54-337dfee99584",
      "value": "coordinating body"
    },
    {
      "description": "Government agencies",
      "meta": {
        "external_id": "A018",
        "kill_chain": [
          "sectors:Government"
        ],
        "refs": [
          "https://github.com/DISARMFoundation/DISARMframeworks/blob/main/generated_pages/actortypes/A018.md"
        ]
      },
      "related": [
        {
          "dest-uuid": "27acb21d-afef-52b5-be75-886d2af18067",
          "type": "affects"
        },
        {
          "dest-uuid": "877c29b5-38ae-570a-93b3-9e4e70ec27ef",
          "type": "affects"
        },
        {
          "dest-uuid": "3055e156-f234-5293-9ab2-d9761a620060",
          "type": "affects"
        },
        {
          "dest-uuid": "9133c9a6-500e-537d-aaa8-be8c5da12a93",
          "type": "affects"
        },
        {
          "dest-uuid": "e81b12d2-491b-534a-88bb-221ab2cbf828",
          "type": "affects"
        },
        {
          "dest-uuid": "d00320eb-5cc4-52e1-ae09-8b2d79affda2",
          "type": "affects"
        }
      ],
      "uuid": "1975d955-01ff-5cbb-8897-b08a0b235370",
      "value": "government"
    },
    {
      "description": "",
      "meta": {
        "external_id": "A019",
        "kill_chain": [
          "sectors:Government"
        ],
        "refs": [
          "https://github.com/DISARMFoundation/DISARMframeworks/blob/main/generated_pages/actortypes/A019.md"
        ]
      },
      "related": [
        {
          "dest-uuid": "877c29b5-38ae-570a-93b3-9e4e70ec27ef",
          "type": "affects"
        }
      ],
      "uuid": "091f8344-0956-5d15-83c4-e967579c4391",
      "value": "military"
    },
    {
      "description": "",
      "meta": {
        "external_id": "A020",
        "kill_chain": [
          "sectors:Government"
        ],
        "refs": [
          "https://github.com/DISARMFoundation/DISARMframeworks/blob/main/generated_pages/actortypes/A020.md"
        ]
      },
      "related": [
        {
          "dest-uuid": "57f70a3c-63a7-5873-a0ce-49a05d5f4eb7",
          "type": "affects"
        },
        {
          "dest-uuid": "27acb21d-afef-52b5-be75-886d2af18067",
          "type": "affects"
        },
        {
          "dest-uuid": "5682293b-d9d8-5db0-90df-4bb4cedc6882",
          "type": "affects"
        },
        {
          "dest-uuid": "14dad601-4ddd-5cfd-a48d-9b53212769ce",
          "type": "affects"
        }
      ],
      "uuid": "53f1e7bd-7aa8-5e02-a0a8-3fd34ee638e1",
      "value": "policy maker"
    },
    {
      "description": "",
      "meta": {
        "external_id": "A021",
        "kill_chain": [
          "sectors:Media"
        ],
        "refs": [
          "https://github.com/DISARMFoundation/DISARMframeworks/blob/main/generated_pages/actortypes/A021.md"
        ]
      },
      "related": [
        {
          "dest-uuid": "f5764785-ced5-5faa-8e11-e442d2d3f79d",
          "type": "affects"
        },
        {
          "dest-uuid": "c52274ce-09fe-5b50-b2f2-741be794da6e",
          "type": "affects"
        },
        {
          "dest-uuid": "686ccd43-c358-5d5d-bd42-3e2279151670",
          "type": "affects"
        },
        {
          "dest-uuid": "8cfe6ea3-7271-5578-b4f7-8eb3edbe43f5",
          "type": "affects"
        },
        {
          "dest-uuid": "a1441814-0d69-5b19-9dae-64c61d7dfdbd",
          "type": "affects"
        },
        {
          "dest-uuid": "b666fbe1-04de-547c-abc5-27786c948e50",
          "type": "affects"
        },
        {
          "dest-uuid": "5c8fc207-b237-58cc-bedd-024fea386a7a",
          "type": "affects"
        }
      ],
      "uuid": "bdcbbd5d-e282-5c55-a39e-212b10f75200",
      "value": "media organisation"
    },
    {
      "description": "",
      "meta": {
        "external_id": "A022",
        "kill_chain": [
          "sectors:Other Company"
        ],
        "refs": [
          "https://github.com/DISARMFoundation/DISARMframeworks/blob/main/generated_pages/actortypes/A022.md"
        ]
      },
      "related": [],
      "uuid": "de0bdbac-82a8-547a-9117-fa660b55b3ea",
      "value": "company"
    },
    {
      "description": "",
      "meta": {
        "external_id": "A023",
        "kill_chain": [
          "sectors:Other Tech Company"
        ],
        "refs": [
          "https://github.com/DISARMFoundation/DISARMframeworks/blob/main/generated_pages/actortypes/A023.md"
        ]
      },
      "related": [
        {
          "dest-uuid": "4880efa6-1123-5703-9c44-9f0600670dd9",
          "type": "affects"
        },
        {
          "dest-uuid": "bbb8b174-44b6-5f59-bcf0-eab169bc7be1",
          "type": "affects"
        }
      ],
      "uuid": "6edba8b4-fe7a-5be0-84d0-6dee21d2a48e",
      "value": "adtech provider"
    },
    {
      "description": "",
      "meta": {
        "external_id": "A024",
        "kill_chain": [
          "sectors:Other Tech Company"
        ],
        "refs": [
          "https://github.com/DISARMFoundation/DISARMframeworks/blob/main/generated_pages/actortypes/A024.md"
        ]
      },
      "related": [
        {
          "dest-uuid": "523a0f1c-bb9e-5784-8838-ca7bc389688b",
          "type": "affects"
        },
        {
          "dest-uuid": "e21e17e9-3834-59de-bc31-9e43b73c8973",
          "type": "affects"
        },
        {
          "dest-uuid": "1dc819ef-5eb6-51df-9614-bc9bf8218279",
          "type": "detects"
        }
      ],
      "uuid": "2057de14-930a-5199-8e8e-9969173d36bb",
      "value": "developer"
    },
    {
      "description": "Funding site admin",
      "meta": {
        "external_id": "A025",
        "kill_chain": [
          "sectors:Other Tech Company"
        ],
        "refs": [
          "https://github.com/DISARMFoundation/DISARMframeworks/blob/main/generated_pages/actortypes/A025.md"
        ]
      },
      "related": [
        {
          "dest-uuid": "5b5c3e04-acf2-50dd-9861-c44bcc8f2cc3",
          "type": "affects"
        }
      ],
      "uuid": "a97e25d4-62cf-5040-8274-1a71104104b2",
      "value": "funding_site_admin"
    },
    {
      "description": "",
      "meta": {
        "external_id": "A026",
        "kill_chain": [
          "sectors:Other Tech Company"
        ],
        "refs": [
          "https://github.com/DISARMFoundation/DISARMframeworks/blob/main/generated_pages/actortypes/A026.md"
        ]
      },
      "related": [
        {
          "dest-uuid": "523a0f1c-bb9e-5784-8838-ca7bc389688b",
          "type": "affects"
        }
      ],
      "uuid": "6ff00416-5f81-5cc5-a07e-dff63a8a09a5",
      "value": "games designer"
    },
    {
      "description": "",
      "meta": {
        "external_id": "A027",
        "kill_chain": [
          "sectors:Other Tech Company"
        ],
        "refs": [
          "https://github.com/DISARMFoundation/DISARMframeworks/blob/main/generated_pages/actortypes/A027.md"
        ]
      },
      "related": [
        {
          "dest-uuid": "22e5b817-e45b-5f41-8806-8e0c66f181cc",
          "type": "affects"
        },
        {
          "dest-uuid": "14b886aa-c023-5a84-9605-e4a9cb22e4f4",
          "type": "affects"
        }
      ],
      "uuid": "a0c301a5-5675-5d79-bd8c-2afde063697e",
      "value": "information security"
    },
    {
      "description": "",
      "meta": {
        "external_id": "A028",
        "kill_chain": [
          "sectors:Other Tech Company"
        ],
        "refs": [
          "https://github.com/DISARMFoundation/DISARMframeworks/blob/main/generated_pages/actortypes/A028.md"
        ]
      },
      "related": [
        {
          "dest-uuid": "5481cc36-5af8-5ddf-bcb7-638d3be3f583",
          "type": "affects"
        },
        {
          "dest-uuid": "dae93cbd-eb65-5fb0-9d4e-4571ff54b6ff",
          "type": "affects"
        },
        {
          "dest-uuid": "e18bd403-00d9-5767-9e5c-b597f623821a",
          "type": "detects"
        },
        {
          "dest-uuid": "f2adbe9e-7c80-504d-adc5-624e04eab4f1",
          "type": "detects"
        }
      ],
      "uuid": "f4dc44c5-e021-524b-9909-678f11a9f10d",
      "value": "platform administrator"
    },
    {
      "description": "",
      "meta": {
        "external_id": "A029",
        "kill_chain": [
          "sectors:Other Tech Company"
        ],
        "refs": [
          "https://github.com/DISARMFoundation/DISARMframeworks/blob/main/generated_pages/actortypes/A029.md"
        ]
      },
      "related": [
        {
          "dest-uuid": "ae4b53ba-9dd6-53af-a624-d5929944117c",
          "type": "affects"
        }
      ],
      "uuid": "b7db36e3-3dbb-5f91-be61-076996a4c57b",
      "value": "server admininistrator"
    },
    {
      "description": "",
      "meta": {
        "external_id": "A030",
        "kill_chain": [
          "sectors:Social Media Company"
        ],
        "refs": [
          "https://github.com/DISARMFoundation/DISARMframeworks/blob/main/generated_pages/actortypes/A030.md"
        ]
      },
      "related": [],
      "uuid": "2a1f51c4-ded0-530d-a54c-5834898d4c47",
      "value": "platforms"
    },
    {
      "description": "Person with the authority to make changes to algorithms, take down content etc.",
      "meta": {
        "external_id": "A031",
        "kill_chain": [
          "sectors:Social Media Company"
        ],
        "refs": [
          "https://github.com/DISARMFoundation/DISARMframeworks/blob/main/generated_pages/actortypes/A031.md"
        ]
      },
      "related": [
        {
          "dest-uuid": "bb1f5f27-16da-59da-9972-32bb25568d02",
          "type": "affects"
        },
        {
          "dest-uuid": "e23dbc10-0eca-5100-bf14-cf2db9db31b8",
          "type": "affects"
        },
        {
          "dest-uuid": "5481cc36-5af8-5ddf-bcb7-638d3be3f583",
          "type": "affects"
        },
        {
          "dest-uuid": "dae93cbd-eb65-5fb0-9d4e-4571ff54b6ff",
          "type": "affects"
        },
        {
          "dest-uuid": "01b3516b-b8b1-5a56-ae24-5300cceb70f8",
          "type": "affects"
        },
        {
          "dest-uuid": "eaef2d36-c5a8-59b9-9075-c6cdaa060e5d",
          "type": "affects"
        },
        {
          "dest-uuid": "33d7f540-0adb-5ab5-ae09-1c7a20e125b1",
          "type": "affects"
        },
        {
          "dest-uuid": "a64a6568-d047-55b9-a3ab-f77fb3c9ada3",
          "type": "affects"
        },
        {
          "dest-uuid": "e9cf452f-3ebc-5de8-9f21-dde3133c92c0",
          "type": "affects"
        },
        {
          "dest-uuid": "0b0f003a-4bb7-5f1e-8bc6-987c680cba39",
          "type": "affects"
        },
        {
          "dest-uuid": "027421d5-7c11-5c13-aa91-5cf6a01b72ef",
          "type": "affects"
        },
        {
          "dest-uuid": "f3edf130-0096-5a49-a3f1-d97974a70494",
          "type": "affects"
        },
        {
          "dest-uuid": "0acbac2f-7bd4-51d1-aaac-e12cebcddb31",
          "type": "affects"
        },
        {
          "dest-uuid": "49f92a32-bac9-56af-ac97-3b09f23b8fa6",
          "type": "affects"
        },
        {
          "dest-uuid": "dcb94d22-45a2-5433-bc4c-634add96088b",
          "type": "affects"
        },
        {
          "dest-uuid": "b20e5c17-f2dd-5057-9af2-a9586e72de9e",
          "type": "affects"
        },
        {
          "dest-uuid": "2fe43d88-db8f-5156-98fb-4b9db0e5fff3",
          "type": "affects"
        },
        {
          "dest-uuid": "187285bb-a282-5a6a-833e-01d9744165c4",
          "type": "detects"
        },
        {
          "dest-uuid": "94d622e2-5909-5f88-aaaf-846907cbda1f",
          "type": "detects"
        }
      ],
      "uuid": "667967b8-b3f1-55ad-8f8a-8c43c1290e6e",
      "value": "social media platform adminstrator"
    },
    {
      "description": "",
      "meta": {
        "external_id": "A032",
        "kill_chain": [
          "sectors:Social Media Company"
        ],
        "refs": [
          "https://github.com/DISARMFoundation/DISARMframeworks/blob/main/generated_pages/actortypes/A032.md"
        ]
      },
      "related": [
        {
          "dest-uuid": "c52274ce-09fe-5b50-b2f2-741be794da6e",
          "type": "affects"
        }
      ],
      "uuid": "75f1924e-e711-5d07-8336-865b277c30d0",
      "value": "social media platform outreach"
    },
    {
      "description": "Person with authority to make changes to a social media company’s business model",
      "meta": {
        "external_id": "A033",
        "kill_chain": [
          "sectors:Social Media Company"
        ],
        "refs": [
          "https://github.com/DISARMFoundation/DISARMframeworks/blob/main/generated_pages/actortypes/A033.md"
        ]
      },
      "related": [
        {
          "dest-uuid": "0aa00b22-361f-5e5b-ac46-901cf6d2dfcc",
          "type": "affects"
        },
        {
          "dest-uuid": "27acb21d-afef-52b5-be75-886d2af18067",
          "type": "affects"
        },
        {
          "dest-uuid": "9133c9a6-500e-537d-aaa8-be8c5da12a93",
          "type": "affects"
        },
        {
          "dest-uuid": "e81b12d2-491b-534a-88bb-221ab2cbf828",
          "type": "affects"
        }
      ],
      "uuid": "15428e72-df7e-5483-a59c-bf84bb46928f",
      "value": "social media platform owner"
    }
  ],
  "version": 1
}
