{
  "authors": [
    "Agathe MANGEOT",
    "Cyril BURTIN "
  ],
  "category": "med-bdm-it",
  "description": "Liste des maladies invalidantes reconnues comme handicap",
  "name": "Handicap",
  "source": "MDPH /caf",
  "type": "handicap",
  "uuid": "84310ba3-fa6a-44aa-b378-b9e3271c7777",
  "values": [
    {
      "meta": {
        "Aménagement(prothèse, orthèse, pompe à insuline,...)": "possible",
        "Nom": "Accident vasculaire cérébral invalidant",
        "Type d'affection": "affection de longue durée"
      },
      "uuid": "edbfa998-9ec8-418c-b1c1-3007fd244e16",
      "value": "Accident vasculaire cérébral invalidant"
    },
    {
      "meta": {
        "Aménagement(prothèse, orthèse, pompe à insuline,...)": "possible",
        "Nom": "Insuffisances médullaires et autres cytopénies chroniques",
        "Type d'affection": "affection de longue durée"
      },
      "uuid": "f666a569-c2a9-42d5-beaa-b8787be0acb5",
      "value": "Insuffisances médullaire"
    },
    {
      "meta": {
        "Aménagement(prothèse, orthèse, pompe à insuline,...)": "possible",
        "Nom": "Artériopathies chroniques avec manisfestations ischémiques",
        "Type d'affection": "affection de longue durée"
      },
      "uuid": "d2e8b63b-df68-4006-98bf-9953cdf276b1",
      "value": "Artériopathies chroniques"
    },
    {
      "meta": {
        "Aménagement(prothèse, orthèse, pompe à insuline,...)": "non",
        "Nom": " Bilharziose compliquée",
        "Type d'affection": "affection de longue durée"
      },
      "uuid": "1910135a-a28f-4c21-a07a-83ca25ce40e1",
      "value": "Bilharziose compliquée"
    },
    {
      "meta": {
        "Aménagement(prothèse, orthèse, pompe à insuline,...)": "oui",
        "Nom": "Insuffisances cardiaque grave, troubles du rythme graves, cardiopathies valvulaires graves, cardiopathies congénitales graves",
        "Type d'affection": "affection de longue durée"
      },
      "uuid": "f5f29cfd-a890-417a-b0ab-b256524db0ae",
      "value": "Insuffisances cardiaque"
    },
    {
      "meta": {
        "Aménagement(prothèse, orthèse, pompe à insuline,...)": "possible",
        "Nom": "Maladies chroniques actives du foie (hépatite B ou C) et cirrhoses",
        "Type d'affection": "affection de longue durée"
      },
      "uuid": "14bfd714-804a-414a-badb-9ea326de62d2",
      "value": "Hépatite B ou C"
    },
    {
      "meta": {
        "Aménagement(prothèse, orthèse, pompe à insuline,...)": "possible",
        "Nom": "Déficit immunitaire primitif grave nécessitant un traitement prolongé, infection par le virus de l'immuno-déficience humaine (VIH)",
        "Type d'affection": "affection de longue durée"
      },
      "uuid": "a988a347-c1db-4d17-a221-ce997dbaf67b",
      "value": "Déficit immunitaire primitif grave"
    },
    {
      "meta": {
        "Aménagement(prothèse, orthèse, pompe à insuline,...)": "oui",
        "Nom": "Diabète de type 1 et diabète de type 2 et d l'adulte ou de l'enfant",
        "Type d'affection": "affection de longue durée"
      },
      "uuid": "34ace033-af1e-4d3d-9cd9-5f12b555a32e",
      "value": "Diabète"
    },
    {
      "meta": {
        "Aménagement(prothèse, orthèse, pompe à insuline,...)": "oui",
        "Nom": "Formes graves des affections neurologiques et musculaires(dont myopathie), epilepsie grave",
        "Type d'affection": "affection de longue durée "
      },
      "uuid": "ce6ebe05-893a-4d0a-a366-4bee63fc6ca5",
      "value": "Affections neurologiques et musculaire"
    },
    {
      "meta": {
        "Aménagement(prothèse, orthèse, pompe à insuline,...)": "oui",
        "Nom": "Hemoglopathies, hémolyses, chroniques constitutionelles et acquises sévères",
        "Type d'affection": "affection de longue durée"
      },
      "uuid": "0cd69cd5-3d56-475d-b188-22acc887249e",
      "value": "Hemoglopathies, hémolyses"
    },
    {
      "meta": {
        "Aménagement(prothèse, orthèse, pompe à insuline,...)": "possible",
        "Nom": "Hémophilies et affections constitutionnelles de l'hémostase graves",
        "Type d'affection": "affection de ongue durée"
      },
      "uuid": "4ee033ec-26cb-4315-a80a-f98f3de478b8",
      "value": "Hémophilies"
    },
    {
      "meta": {
        "Aménagement(prothèse, orthèse, pompe à insuline,...)": "non",
        "Nom": "Maladie coronaire : infarctus du myocarde",
        "Type d'affection": "affection de longue durée"
      },
      "uuid": "9db8ea00-37ce-4c0d-a902-f36124087231",
      "value": "Infarctus du myocarde"
    },
    {
      "meta": {
        "Aménagement(prothèse, orthèse, pompe à insuline,...)": "oui",
        "Nom": "Insuffisance respiratoire chronique grave(exemple: asthme grave)",
        "Type d'affection": "Affection de longue durée"
      },
      "uuid": "8de7bdba-cf58-494e-b596-b66fda2b22ae",
      "value": "Insuffisance respiratoire"
    },
    {
      "meta": {
        "Aménagement(prothèse, orthèse, pompe à insuline,...)": "non",
        "Nom": "Maladie d'Alzheimer et autres démences",
        "Type d'affection": "affection de longue durée"
      },
      "uuid": "80ce126d-692c-45f0-ba06-fded443b93fb",
      "value": "Maladie d'Alzheimer et autres démences"
    },
    {
      "meta": {
        "Aménagement(prothèse, orthèse, pompe à insuline,...)": "non",
        "Nom": "Maladies de Parkinson",
        "Type d'affection": "Maladie dégénérative"
      },
      "uuid": "5a2783cb-53e4-451a-9487-e558894bcd13",
      "value": "Parkinson"
    },
    {
      "meta": {
        "Aménagement(prothèse, orthèse, pompe à insuline,...)": "possible",
        "Nom": "Maladie métabolique héréditaire nécessitant un traitement prolongé spécialisé",
        "Type d'affection": "affection de longue durée"
      },
      "uuid": "d1a3b820-0d25-4e5a-9f3a-1471b06856c3",
      "value": "Maladies métabolque héréditaire"
    },
    {
      "meta": {
        "Aménagement(prothèse, orthèse, pompe à insuline,...)": "possible",
        "Nom": "Mucovicidose",
        "Type d'affection": "Maladie dégénérative"
      },
      "uuid": "54c9d607-f434-416b-acfa-07609fefe8db",
      "value": "Mucovisidose"
    },
    {
      "meta": {
        "Aménagement(prothèse, orthèse, pompe à insuline,...)": "possible",
        "Nom": "Néphropatie chronique grave et syndrome néphrotique primitif(insufficance rénale) ",
        "Type d'affection": "Affection de longue durée"
      },
      "uuid": "c5070703-8c73-49b7-a8b7-a8b0e8ee53a6",
      "value": "Néphropatie"
    },
    {
      "meta": {
        "Aménagement(prothèse, orthèse, pompe à insuline,...)": "oui",
        "Nom": "Paraplégie",
        "Type d'affection": "Affection de longue durée"
      },
      "uuid": "9851ce51-b95f-41bf-8e22-2c83751c78ad",
      "value": "Paraplégie"
    },
    {
      "meta": {
        "Aménagement(prothèse, orthèse, pompe à insuline,...)": "possible",
        "Nom": "Vascularites, lupus érythémateux systémique, sclérodermie systémique",
        "Type d'affection": "Affection de longue durée"
      },
      "uuid": "6ff9e37c-04dd-4d9c-ac23-fe23ad9ef581",
      "value": "Vascularites"
    },
    {
      "meta": {
        "Aménagement(prothèse, orthèse, pompe à insuline,...)": "possible",
        "Nom": "Polyarthrite rhumathoïde évolutive",
        "Type d'affection": "Affection évolutive "
      },
      "uuid": "6bacef11-be44-42d2-a653-ac5df3aa46ac",
      "value": "Polyarthrite"
    },
    {
      "meta": {
        "Aménagement(prothèse, orthèse, pompe à insuline,...)": "possible",
        "Nom": "Affections psychiatrique de longue durée (exemple: dépression récurrente, troubles bipolaires)",
        "Type d'affection": "Affection de longue durée"
      },
      "uuid": "fbe1be61-bf2b-4547-9c3e-24f9e113537a",
      "value": "Affection Psychiatrique"
    },
    {
      "meta": {
        "Aménagement(prothèse, orthèse, pompe à insuline,...)": "possible",
        "Nom": "Rectolite hémorragique et maladie de Crohn évolutives",
        "Type d'affection": "Maladie évolutive"
      },
      "uuid": "fbb79ba0-08f2-40f4-b562-863edd5b3137",
      "value": "Rectolite"
    },
    {
      "meta": {
        "Aménagement(prothèse, orthèse, pompe à insuline,...)": "possible",
        "Nom": "Sclérose en plaques",
        "Type d'affection": "Maladie dégénérative"
      },
      "uuid": "fbb79ba0-08f2-40f4-b562-861edd5b3135",
      "value": "Sclérose en plaque"
    },
    {
      "meta": {
        "Aménagement(prothèse, orthèse, pompe à insuline,...)": "possible",
        "Nom": "Scoliose idiopathique structurale évolutive",
        "Type d'affection": "Maladie évolutive "
      },
      "uuid": "0a97945d-4fc7-4a09-bb73-760891adea52",
      "value": "Scoliose idiopathique"
    },
    {
      "meta": {
        "Aménagement(prothèse, orthèse, pompe à insuline,...)": "possible",
        "Nom": "Spondylarthrite grave",
        "Type d'affection": "Maladie évolutive"
      },
      "uuid": "7958ba36-084f-4c60-9b5c-1ece7c839734",
      "value": "Spondylarthrite"
    },
    {
      "meta": {
        "Aménagement(prothèse, orthèse, pompe à insuline,...)": "possible",
        "Nom": "Suite de transplantation d'organe",
        "Type d'affection": "Affection de longue durée"
      },
      "uuid": "29fd13a3-4d8b-4e9f-8253-374f8ac07b9c",
      "value": "Transplantation d'organe"
    },
    {
      "meta": {
        "Aménagement(prothèse, orthèse, pompe à insuline,...)": "possible",
        "Nom": "Tuberculose active, lèpre",
        "Type d'affection": "Affection de longue durée"
      },
      "uuid": "211a6aab-415f-4e9d-ad9b-199aca6bd33d",
      "value": "Tuberculose/lèpre"
    },
    {
      "meta": {
        "Aménagement(prothèse, orthèse, pompe à insuline,...)": "possible",
        "Nom": "Tumeur maligne(cancer), affection maligne du tissu lymphatique ou hématopoïétique(exemple: lymphome)",
        "Type d'affection": "Affection de longue durée"
      },
      "uuid": "9eb1eacc-3996-4c8b-ad4e-8a4e168c415e",
      "value": "Tumeur maligne"
    }
  ],
  "version": 2
}
