{
  "authors": [
    "MISP Project"
  ],
  "category": "tool",
  "description": "Known public online services.",
  "name": "online-service",
  "source": "Open Sources",
  "type": "online-service",
  "uuid": "c0a960b6-bba4-4914-8d54-87011aaf447e",
  "values": [
    {
      "description": "Your wiki, docs, & projects. Together.  Notion is the connected workspace where better, faster work happens.",
      "meta": {
        "refs": [
          "https://www.notion.so/product"
        ]
      },
      "related": [
        {
          "dest-uuid": "0125ef58-2675-426f-90eb-0b189961199a",
          "tags": [
            "estimative-language:likelihood-probability=\"likely\""
          ],
          "type": "used-by"
        }
      ],
      "uuid": "5c807e49-dc90-4f80-b044-49bb990acb61",
      "value": "Notion"
    }
  ],
  "version": 2
}
