{
  "authors": [
    "Unknown"
  ],
  "category": "location",
  "description": "Regions based on UN M49.",
  "name": "Regions UN M49",
  "source": "https://unstats.un.org/unsd/methodology/m49/overview/",
  "type": "region",
  "uuid": "eea087b6-e02f-11e9-89c1-cf406e0267ec",
  "values": [
    {
      "meta": {
        "subregions": [
          "002 - Africa",
          "009 - Oceania",
          "010 - Antarctica",
          "019 - Americas",
          "142 - Asia",
          "150 - Europe"
        ]
      },
      "uuid": "8d87018b-e8bb-472e-841b-4429fb6b9bc0",
      "value": "001 - World"
    },
    {
      "meta": {
        "subregions": [
          "015 - Northern Africa",
          "202 - Sub-Saharan Africa"
        ]
      },
      "uuid": "48fc57a4-3a9f-42dd-8e2b-83488d08a1be",
      "value": "002 - Africa"
    },
    {
      "meta": {
        "subregions": [
          "032 - Argentina",
          "068 - Bolivia (Plurinational State of)",
          "074 - Bouvet Island",
          "076 - Brazil",
          "152 - Chile",
          "170 - Colombia",
          "218 - Ecuador",
          "238 - Falkland Islands (Malvinas)",
          "239 - South Georgia and the South Sandwich Islands",
          "254 - French Guiana",
          "328 - Guyana",
          "600 - Paraguay",
          "604 - Peru",
          "740 - Suriname",
          "858 - Uruguay",
          "862 - Venezuela (Bolivarian Republic of)"
        ]
      },
      "uuid": "e9ee6728-d325-4726-be7d-08b5ccf3f3d6",
      "value": "005 - South America"
    },
    {
      "meta": {
        "subregions": [
          "053 - Australia and New Zealand",
          "054 - Melanesia",
          "057 - Micronesia",
          "061 - Polynesia"
        ]
      },
      "uuid": "d9e8c021-b387-4d67-8b8e-5e5ae57e6647",
      "value": "009 - Oceania"
    },
    {
      "uuid": "6d4ae555-f559-48ac-9777-926a406b7969",
      "value": "010 - Antarctica"
    },
    {
      "meta": {
        "subregions": [
          "132 - Cabo Verde",
          "204 - Benin",
          "270 - Gambia",
          "288 - Ghana",
          "324 - Guinea",
          "384 - Côte d’Ivoire",
          "430 - Liberia",
          "466 - Mali",
          "478 - Mauritania",
          "562 - Niger",
          "566 - Nigeria",
          "624 - Guinea-Bissau",
          "654 - Saint Helena",
          "686 - Senegal",
          "694 - Sierra Leone",
          "768 - Togo",
          "854 - Burkina Faso"
        ]
      },
      "uuid": "d44cf4b4-8025-4827-960c-b666dfdc5243",
      "value": "011 - Western Africa"
    },
    {
      "meta": {
        "subregions": [
          "084 - Belize",
          "188 - Costa Rica",
          "222 - El Salvador",
          "320 - Guatemala",
          "340 - Honduras",
          "484 - Mexico",
          "558 - Nicaragua",
          "591 - Panama"
        ]
      },
      "uuid": "105247d9-e619-4231-b88e-17dd9aed1580",
      "value": "013 - Central America"
    },
    {
      "meta": {
        "subregions": [
          "086 - British Indian Ocean Territory",
          "108 - Burundi",
          "174 - Comoros",
          "175 - Mayotte",
          "231 - Ethiopia",
          "232 - Eritrea",
          "260 - French Southern Territories",
          "262 - Djibouti",
          "404 - Kenya",
          "450 - Madagascar",
          "454 - Malawi",
          "480 - Mauritius",
          "508 - Mozambique",
          "638 - Réunion",
          "646 - Rwanda",
          "690 - Seychelles",
          "706 - Somalia",
          "716 - Zimbabwe",
          "728 - South Sudan",
          "800 - Uganda",
          "834 - United Republic of Tanzania",
          "894 - Zambia"
        ]
      },
      "uuid": "9b15e8e9-2adb-4aa8-baea-d63ccc434428",
      "value": "014 - Eastern Africa"
    },
    {
      "meta": {
        "subregions": [
          "012 - Algeria",
          "434 - Libya",
          "504 - Morocco",
          "729 - Sudan",
          "732 - Western Sahara",
          "788 - Tunisia",
          "818 - Egypt"
        ]
      },
      "uuid": "4a65b439-849b-4fdd-b34d-e80f738a4309",
      "value": "015 - Northern Africa"
    },
    {
      "meta": {
        "subregions": [
          "024 - Angola",
          "120 - Cameroon",
          "140 - Central African Republic",
          "148 - Chad",
          "178 - Congo",
          "180 - Democratic Republic of the Congo",
          "226 - Equatorial Guinea",
          "266 - Gabon",
          "678 - Sao Tome and Principe"
        ]
      },
      "uuid": "1a79ac27-1580-4482-826e-d4db9a26b080",
      "value": "017 - Middle Africa"
    },
    {
      "meta": {
        "subregions": [
          "072 - Botswana",
          "426 - Lesotho",
          "516 - Namibia",
          "710 - South Africa",
          "748 - Eswatini"
        ]
      },
      "uuid": "b95340de-8f29-4dbf-ad0f-a4c0be367e59",
      "value": "018 - Southern Africa"
    },
    {
      "meta": {
        "subregions": [
          "021 - Northern America",
          "419 - Latin America and the Caribbean"
        ]
      },
      "uuid": "a6427c40-6fba-46dc-9995-72e16a4c57a7",
      "value": "019 - Americas"
    },
    {
      "meta": {
        "subregions": [
          "060 - Bermuda",
          "124 - Canada",
          "304 - Greenland",
          "666 - Saint Pierre and Miquelon",
          "840 - United States of America"
        ]
      },
      "uuid": "64974dea-c6c9-462d-9fcf-4456a397d591",
      "value": "021 - Northern America"
    },
    {
      "meta": {
        "subregions": [
          "028 - Antigua and Barbuda",
          "044 - Bahamas",
          "052 - Barbados",
          "092 - British Virgin Islands",
          "136 - Cayman Islands",
          "192 - Cuba",
          "212 - Dominica",
          "214 - Dominican Republic",
          "308 - Grenada",
          "312 - Guadeloupe",
          "332 - Haiti",
          "388 - Jamaica",
          "474 - Martinique",
          "500 - Montserrat",
          "531 - Curaçao",
          "533 - Aruba",
          "534 - Sint Maarten (Dutch part)",
          "535 - Bonaire, Sint Eustatius and Saba",
          "630 - Puerto Rico",
          "652 - Saint Barthélemy",
          "659 - Saint Kitts and Nevis",
          "660 - Anguilla",
          "662 - Saint Lucia",
          "663 - Saint Martin (French Part)",
          "670 - Saint Vincent and the Grenadines",
          "780 - Trinidad and Tobago",
          "796 - Turks and Caicos Islands",
          "850 - United States Virgin Islands"
        ]
      },
      "uuid": "e16efc93-ae3b-471a-a888-eda66d1da22b",
      "value": "029 - Caribbean"
    },
    {
      "meta": {
        "subregions": [
          "156 - China",
          "344 - China, Hong Kong Special Administrative Region",
          "392 - Japan",
          "408 - Democratic People's Republic of Korea",
          "410 - Republic of Korea",
          "446 - China,  Macao Special Administrative Region",
          "496 - Mongolia"
        ]
      },
      "uuid": "aa46fbd1-54df-4e1e-a5d6-7bced5c59803",
      "value": "030 - Eastern Asia"
    },
    {
      "meta": {
        "subregions": [
          "004 - Afghanistan",
          "050 - Bangladesh",
          "064 - Bhutan",
          "144 - Sri Lanka",
          "356 - India",
          "364 - Iran (Islamic Republic of)",
          "462 - Maldives",
          "524 - Nepal",
          "586 - Pakistan"
        ]
      },
      "uuid": "f86776cd-274f-438a-8beb-9349aebda0bb",
      "value": "034 - Southern Asia"
    },
    {
      "meta": {
        "subregions": [
          "096 - Brunei Darussalam",
          "104 - Myanmar",
          "116 - Cambodia",
          "360 - Indonesia",
          "418 - Lao People's Democratic Republic",
          "458 - Malaysia",
          "608 - Philippines",
          "626 - Timor-Leste",
          "702 - Singapore",
          "704 - Viet Nam",
          "764 - Thailand"
        ]
      },
      "uuid": "990d0e8e-dfd0-45d1-ab8b-758b9139c0fe",
      "value": "035 - South-eastern Asia"
    },
    {
      "meta": {
        "subregions": [
          "008 - Albania",
          "020 - Andorra",
          "070 - Bosnia and Herzegovina",
          "191 - Croatia",
          "292 - Gibraltar",
          "300 - Greece",
          "336 - Holy See",
          "380 - Italy",
          "470 - Malta",
          "499 - Montenegro",
          "620 - Portugal",
          "674 - San Marino",
          "688 - Serbia",
          "705 - Slovenia",
          "724 - Spain",
          "807 - North Macedonia"
        ]
      },
      "uuid": "63880bb3-f959-4200-b8ae-e25d9fa84c22",
      "value": "039 - Southern Europe"
    },
    {
      "meta": {
        "subregions": [
          "036 - Australia",
          "162 - Christmas Island",
          "166 - Cocos (Keeling) Islands",
          "334 - Heard Island and McDonald Islands",
          "554 - New Zealand",
          "574 - Norfolk Island"
        ]
      },
      "uuid": "93dd8987-1466-493f-b5dc-c2b7fe762d75",
      "value": "053 - Australia and New Zealand"
    },
    {
      "meta": {
        "subregions": [
          "090 - Solomon Islands",
          "242 - Fiji",
          "540 - New Caledonia",
          "548 - Vanuatu",
          "598 - Papua New Guinea"
        ]
      },
      "uuid": "4cb4b767-2db4-4858-bb28-656816350fef",
      "value": "054 - Melanesia"
    },
    {
      "meta": {
        "subregions": [
          "296 - Kiribati",
          "316 - Guam",
          "520 - Nauru",
          "580 - Northern Mariana Islands",
          "581 - United States Minor Outlying Islands",
          "583 - Micronesia (Federated States of)",
          "584 - Marshall Islands",
          "585 - Palau"
        ]
      },
      "uuid": "fbe052e0-a4ab-4d74-8765-5a9786e7bdbc",
      "value": "057 - Micronesia"
    },
    {
      "meta": {
        "subregions": [
          "016 - American Samoa",
          "184 - Cook Islands",
          "258 - French Polynesia",
          "570 - Niue",
          "612 - Pitcairn",
          "772 - Tokelau",
          "776 - Tonga",
          "798 - Tuvalu",
          "876 - Wallis and Futuna Islands",
          "882 - Samoa"
        ]
      },
      "uuid": "a387db42-cdb4-4f75-98c4-5b51a03d0c68",
      "value": "061 - Polynesia"
    },
    {
      "meta": {
        "subregions": [
          "030 - Eastern Asia",
          "034 - Southern Asia",
          "035 - South-eastern Asia",
          "143 - Central Asia",
          "145 - Western Asia"
        ]
      },
      "uuid": "4b09b683-5650-4a6c-a383-d8f3b686ebc2",
      "value": "142 - Asia"
    },
    {
      "meta": {
        "subregions": [
          "398 - Kazakhstan",
          "417 - Kyrgyzstan",
          "762 - Tajikistan",
          "795 - Turkmenistan",
          "860 - Uzbekistan"
        ]
      },
      "uuid": "a5515b7c-594b-4e37-a60f-3bab8808c54c",
      "value": "143 - Central Asia"
    },
    {
      "meta": {
        "subregions": [
          "031 - Azerbaijan",
          "048 - Bahrain",
          "051 - Armenia",
          "196 - Cyprus",
          "268 - Georgia",
          "275 - State of Palestine",
          "368 - Iraq",
          "376 - Israel",
          "400 - Jordan",
          "414 - Kuwait",
          "422 - Lebanon",
          "512 - Oman",
          "634 - Qatar",
          "682 - Saudi Arabia",
          "760 - Syrian Arab Republic",
          "784 - United Arab Emirates",
          "792 - Turkey",
          "887 - Yemen"
        ]
      },
      "uuid": "d66b2e98-39fb-4710-b075-5bee2fa00cd4",
      "value": "145 - Western Asia"
    },
    {
      "meta": {
        "subregions": [
          "039 - Southern Europe",
          "151 - Eastern Europe",
          "154 - Northern Europe",
          "155 - Western Europe"
        ]
      },
      "uuid": "739c285c-fe59-4540-b323-bf713af30347",
      "value": "150 - Europe"
    },
    {
      "meta": {
        "subregions": [
          "100 - Bulgaria",
          "112 - Belarus",
          "203 - Czechia",
          "348 - Hungary",
          "498 - Republic of Moldova",
          "616 - Poland",
          "642 - Romania",
          "643 - Russian Federation",
          "703 - Slovakia",
          "804 - Ukraine"
        ]
      },
      "uuid": "c7cb0859-5680-4bdb-9c78-46cab3504a62",
      "value": "151 - Eastern Europe"
    },
    {
      "meta": {
        "subregions": [
          "208 - Denmark",
          "233 - Estonia",
          "234 - Faroe Islands",
          "246 - Finland",
          "248 - Åland Islands",
          "352 - Iceland",
          "372 - Ireland",
          "428 - Latvia",
          "440 - Lithuania",
          "578 - Norway",
          "744 - Svalbard and Jan Mayen Islands",
          "752 - Sweden",
          "826 - United Kingdom of Great Britain and Northern Ireland",
          "830 - Channel Islands",
          "833 - Isle of Man"
        ]
      },
      "uuid": "f93cb275-0366-4ecc-abf0-a17928d1e177",
      "value": "154 - Northern Europe"
    },
    {
      "meta": {
        "subregions": [
          "040 - Austria",
          "056 - Belgium",
          "250 - France",
          "276 - Germany",
          "438 - Liechtenstein",
          "442 - Luxembourg",
          "492 - Monaco",
          "528 - Netherlands",
          "756 - Switzerland"
        ]
      },
      "uuid": "7048c324-c9c2-4c53-a42a-912e78f3aeec",
      "value": "155 - Western Europe"
    },
    {
      "meta": {
        "subregions": [
          "011 - Western Africa",
          "014 - Eastern Africa",
          "017 - Middle Africa",
          "018 - Southern Africa"
        ]
      },
      "uuid": "130997e8-c900-4457-829a-447eec3fbb89",
      "value": "202 - Sub-Saharan Africa"
    },
    {
      "meta": {
        "subregions": [
          "005 - South America",
          "013 - Central America",
          "029 - Caribbean"
        ]
      },
      "uuid": "aef21eb1-eccd-46e1-a4c8-9e9b8452d912",
      "value": "419 - Latin America and the Caribbean"
    },
    {
      "meta": {
        "subregions": [
          "680 - Sark",
          "831 - Guernsey",
          "832 - Jersey"
        ]
      },
      "uuid": "76adc9e0-215a-4496-8642-b98ac7715d0f",
      "value": "830 - Channel Islands"
    }
  ],
  "version": 1
}
