{
  "authors": [
    "Various"
  ],
  "category": "sector",
  "description": "Activity sectors",
  "name": "Sector",
  "source": "CERT-EU",
  "type": "sector",
  "uuid": "1401c704-7dfb-41f6-a6d3-e751b270843b",
  "values": [
    {
      "uuid": "3ff4e243-7e26-4535-b911-fdda2f724aa2",
      "value": "Unknown"
    },
    {
      "uuid": "03655488-3d11-4fbf-8fe6-6148aaa01b83",
      "value": "Other"
    },
    {
      "meta": {
        "NACE_CODE": [
          "P - Education"
        ]
      },
      "uuid": "98821a86-3c11-474b-afab-3c84af061407",
      "value": "Academia - University"
    },
    {
      "uuid": "0a62f502-0a51-44ac-82a3-0a965b98c7a9",
      "value": "Activists"
    },
    {
      "meta": {
        "NACE_CODE": [
          "C - Manufacturing"
        ]
      },
      "uuid": "12f90076-f03d-4a2d-9f33-7a274dc462bb",
      "value": "Aerospace"
    },
    {
      "meta": {
        "NACE_CODE": [
          "A - Agriculture, forestry and fishing"
        ]
      },
      "uuid": "e2214f48-0cdd-4110-ba59-e703282adf2c",
      "value": "Agriculture"
    },
    {
      "meta": {
        "NACE_CODE": [
          "R - Arts, entertainment and recreation"
        ]
      },
      "uuid": "b5283132-9245-4a5f-b4bc-1937fd80d80a",
      "value": "Arts"
    },
    {
      "meta": {
        "NACE_CODE": [
          "K - Financial and Insurance Activities"
        ]
      },
      "uuid": "19cc9f22-e682-4808-a96c-82e573703dff",
      "value": "Bank"
    },
    {
      "meta": {
        "NACE_CODE": [
          "C - Manufacturing"
        ]
      },
      "uuid": "306f828d-8eb8-4adb-bee9-3211bf2a4ff7",
      "value": "Chemical"
    },
    {
      "uuid": "f50c1d4d-9d7c-4076-b5d4-e86dd5de4628",
      "value": "Citizens"
    },
    {
      "meta": {
        "NACE_CODE": [
          "H - Transporting and storage"
        ]
      },
      "uuid": "ed13b6c9-c32c-4a58-82a7-ce64dc7fa086",
      "value": "Civil Aviation"
    },
    {
      "uuid": "89e7e93a-394f-48e3-ba70-501df2f010c0",
      "value": "Country"
    },
    {
      "meta": {
        "NACE_CODE": [
          "R - Arts, entertainment and recreation"
        ]
      },
      "uuid": "8c645d4e-8fcc-48a8-9656-5135cfbc10a6",
      "value": "Culture"
    },
    {
      "meta": {
        "NACE_CODE": [
          "J - Information and communication"
        ]
      },
      "uuid": "0a2c80eb-ae5d-4d5e-b6fd-2703bc6a750d",
      "value": "Data Broker"
    },
    {
      "meta": {
        "NACE_CODE": [
          "O - Public administration and defence; compulsory social security"
        ]
      },
      "uuid": "9df5fb28-2298-4030-9db3-8cdef35bee14",
      "value": "Defense"
    },
    {
      "uuid": "96b329b2-2f04-4ce7-8ef2-bf3d898028c9",
      "value": "Development"
    },
    {
      "meta": {
        "NACE_CODE": [
          "O - Public administration and defence; compulsory social security"
        ]
      },
      "uuid": "33cbaf17-7600-47f7-87c7-39640874a1b4",
      "value": "Diplomacy"
    },
    {
      "meta": {
        "NACE_CODE": [
          "P - Education"
        ]
      },
      "uuid": "19eca562-123d-449b-af33-5a36e5279b12",
      "value": "Education"
    },
    {
      "meta": {
        "NACE_CODE": [
          "D - Electricity, gas, steam and air conditioning supply"
        ]
      },
      "uuid": "ac2dad84-5194-41bb-9edd-aad8d42f828f",
      "value": "Electric"
    },
    {
      "meta": {
        "NACE_CODE": [
          "C - Manufacturing"
        ]
      },
      "uuid": "04e0eef9-d7e8-4280-86bb-cc9897be8e08",
      "value": "Electronic"
    },
    {
      "meta": {
        "NACE_CODE": [
          "O - Public administration and defence; compulsory social security"
        ]
      },
      "uuid": "474e6647-ff06-4a9b-8061-a1a43baf8b15",
      "value": "Employment"
    },
    {
      "meta": {
        "NACE_CODE": [
          "O - Public administration and defence; compulsory social security"
        ]
      },
      "uuid": "3a94474b-7e23-4e06-9129-faea7ef55af8",
      "value": "Energy"
    },
    {
      "meta": {
        "NACE_CODE": [
          "R - Arts, entertainment and recreation"
        ]
      },
      "uuid": "beb9d5d6-53df-4e99-8fa8-e52880fbe740",
      "value": "Entertainment"
    },
    {
      "meta": {
        "NACE_CODE": [
          "E - Water supply; sewerage; waste managment and remediation activities"
        ]
      },
      "uuid": "8291a998-e888-4351-87ec-c6da6b06bff6",
      "value": "Environment"
    },
    {
      "meta": {
        "NACE_CODE": [
          "K - Financial and Insurance Activities"
        ],
        "synonyms": [
          "Financial"
        ]
      },
      "uuid": "75597b7f-54e8-4f14-88c9-e81485ece483",
      "value": "Finance"
    },
    {
      "meta": {
        "NACE_CODE": [
          "I - Accommodation and food service activities"
        ]
      },
      "uuid": "9ade7eff-e2ce-4f05-85de-bb6b70444db4",
      "value": "Food"
    },
    {
      "meta": {
        "NACE_CODE": [
          "J - Information and communication"
        ]
      },
      "uuid": "64493b1b-04eb-4f4d-94c7-65c3713131de",
      "value": "Game"
    },
    {
      "meta": {
        "NACE_CODE": [
          "D - Electricity, gas, steam and air conditioning supply"
        ]
      },
      "uuid": "851c28c6-2e80-4d63-959b-44037931175b",
      "value": "Gas"
    },
    {
      "meta": {
        "NACE_CODE": [
          "O - Public administration and defence; compulsory social security"
        ],
        "synonyms": [
          "Government",
          "Administration"
        ]
      },
      "uuid": "6012ecea-dcc8-490c-b368-e2e06b2cb62f",
      "value": "Government, Administration"
    },
    {
      "meta": {
        "NACE_CODE": [
          "Q - Human health and social work activities"
        ],
        "synonyms": [
          "Healthcare"
        ]
      },
      "uuid": "4649fe79-cb8f-4aa3-b3e0-e67d4161fcb0",
      "value": "Health"
    },
    {
      "meta": {
        "NACE_CODE": [
          "P - Education"
        ]
      },
      "uuid": "b822d660-fad3-40da-b4db-9bbf8fe23b27",
      "value": "Higher education"
    },
    {
      "meta": {
        "NACE_CODE": [
          "I - Accommodation and food service activities"
        ]
      },
      "uuid": "909f4de6-91ea-44b6-9c8f-5983fd4877c2",
      "value": "Hotels"
    },
    {
      "meta": {
        "NACE_CODE": [
          "D - Electricity, gas, steam and air conditioning supply"
        ]
      },
      "uuid": "641af156-12d0-4fb4-b89d-971cd454914f",
      "value": "Infrastructure"
    },
    {
      "meta": {
        "NACE_CODE": [
          "O - Public administration and defence; compulsory social security"
        ]
      },
      "uuid": "7aeb79bf-cc1a-49b5-b2ec-5b1fe4a7e295",
      "value": "Intelligence"
    },
    {
      "meta": {
        "NACE_CODE": [
          "J - Information and communication"
        ]
      },
      "uuid": "3f18e5e7-c77d-4890-9d09-412a39a822e5",
      "value": "IT"
    },
    {
      "meta": {
        "NACE_CODE": [
          "J - Information and communication"
        ]
      },
      "uuid": "342d0a71-584c-4e3f-9b2d-1dc5b5e53e97",
      "value": "IT - Hacker"
    },
    {
      "meta": {
        "NACE_CODE": [
          "J - Information and communication"
        ]
      },
      "uuid": "872de996-e069-4cd9-b227-d5ca01dc020c",
      "value": "IT - ISP"
    },
    {
      "meta": {
        "NACE_CODE": [
          "J - Information and communication"
        ]
      },
      "uuid": "6d9dbde3-25de-48b9-ab98-361c4211e6be",
      "value": "IT - Security"
    },
    {
      "meta": {
        "NACE_CODE": [
          "O - Public administration and defence; compulsory social security"
        ]
      },
      "uuid": "784e59ae-89bb-4bc8-82c8-7fab6ca5fb8a",
      "value": "Justice"
    },
    {
      "meta": {
        "NACE_CODE": [
          "C - Manufacturing"
        ]
      },
      "uuid": "5cacd8fb-a3d4-4ed7-84b5-d69378038591",
      "value": "Manufacturing"
    },
    {
      "meta": {
        "NACE_CODE": [
          "C - Manufacturing"
        ]
      },
      "uuid": "82ac6245-8691-4216-a6dd-8c99ebb8ce51",
      "value": "Maritime"
    },
    {
      "meta": {
        "NACE_CODE": [
          "O - Public administration and defence; compulsory social security"
        ]
      },
      "uuid": "5aec0d78-53b2-4fcf-b165-537494b866e4",
      "value": "Military"
    },
    {
      "uuid": "e10093ef-ccbf-4c24-9093-61e856c05ccd",
      "value": "Multi-sector"
    },
    {
      "meta": {
        "NACE_CODE": [
          "J - Information and communication"
        ],
        "synonyms": [
          "News",
          "Media"
        ]
      },
      "uuid": "a0499041-2b4e-43aa-8fe3-04c2de23abdd",
      "value": "News - Media"
    },
    {
      "meta": {
        "NACE_CODE": [
          "Section S: Other Service Activities"
        ]
      },
      "uuid": "d2f31b1f-a9b1-4f5b-b2b3-1aa2732a0608",
      "value": "NGO"
    },
    {
      "meta": {
        "NACE_CODE": [
          "B - Mining and quarrying",
          "C - Manufacturing"
        ]
      },
      "uuid": "5875cc3f-d0a5-445e-abb2-08411fc82522",
      "value": "Oil"
    },
    {
      "meta": {
        "NACE_CODE": [
          "K - Financial and insurance activities"
        ]
      },
      "uuid": "0d688425-afb5-4f71-8b5a-f9be7d2d1551",
      "value": "Payment"
    },
    {
      "meta": {
        "NACE_CODE": [
          "C - Manufacturing"
        ],
        "synonyms": [
          "Pharmaceutical"
        ]
      },
      "uuid": "8d7aa230-d07f-46e8-a099-6f1753793b84",
      "value": "Pharmacy"
    },
    {
      "meta": {
        "NACE_CODE": [
          "O - Public administration and defence; compulsory social security"
        ]
      },
      "uuid": "36432a96-225a-4c90-b0f5-44eaee45e306",
      "value": "Police - Law enforcement"
    },
    {
      "meta": {
        "NACE_CODE": [
          "M - Professional, scientific and technical activities"
        ]
      },
      "uuid": "738939b4-c93f-4972-938a-7eb1f60188b9",
      "value": "Research - Innovation"
    },
    {
      "meta": {
        "NACE_CODE": [
          "J - Information and communication"
        ]
      },
      "uuid": "40082760-ed9e-4fcb-8bfa-2341d81d5e22",
      "value": "Satellite navigation"
    },
    {
      "meta": {
        "NACE_CODE": [
          "N - Administrative and support service activities"
        ]
      },
      "uuid": "23429f36-298a-4ac6-8db9-87223bef9cbf",
      "value": "Security systems"
    },
    {
      "meta": {
        "NACE_CODE": [
          "J - Information and communication"
        ]
      },
      "uuid": "61809257-9f13-4910-b824-f483c4334bb5",
      "value": "Social networks"
    },
    {
      "meta": {
        "NACE_CODE": [
          "C - Manufacturing",
          "H - Transporting and storage"
        ]
      },
      "uuid": "595be3ad-bfb3-4bea-b81a-2fef618a1075",
      "value": "Space"
    },
    {
      "meta": {
        "NACE_CODE": [
          "C - Manufacturing"
        ]
      },
      "uuid": "cdc8b76f-a8df-4d30-81c1-bdb4935c718d",
      "value": "Steel"
    },
    {
      "meta": {
        "NACE_CODE": [
          "J - Information and communication"
        ],
        "synonyms": [
          "Telecommunications"
        ]
      },
      "uuid": "0de938bd-4efa-4c7a-9244-71a79317d142",
      "value": "Telecoms"
    },
    {
      "meta": {
        "NACE_CODE": [
          "M - Professional, scientific and technical activities"
        ]
      },
      "uuid": "3c70895b-573b-450c-ad0a-98b0e1a9741e",
      "value": "Think Tanks"
    },
    {
      "meta": {
        "NACE_CODE": [
          "G - Wholesale and retail trade; repair of motor vehicles and motorcycles"
        ]
      },
      "uuid": "4fef12b1-0bee-4855-81fb-9b7d2c5a1dec",
      "value": "Trade"
    },
    {
      "meta": {
        "NACE_CODE": [
          "H - Transporting and storage"
        ],
        "synonyms": [
          "Transportation"
        ]
      },
      "uuid": "e93eb8db-72b1-4407-be3e-8cfea8f9efee",
      "value": "Transport"
    },
    {
      "meta": {
        "NACE_CODE": [
          "I - Accommodation and food service activities"
        ]
      },
      "uuid": "33a4f4fe-9bc3-4d43-b5ab-64fcc35882cf",
      "value": "Travel"
    },
    {
      "meta": {
        "NACE_CODE": [
          "C - Manufacturing"
        ]
      },
      "uuid": "69b8bfcd-600e-45d8-962a-ce09ed0914ab",
      "value": "Turbine"
    },
    {
      "uuid": "bf0753fd-cb62-440d-a2c5-1adfb037676e",
      "value": "Tourism"
    },
    {
      "meta": {
        "NACE_CODE": [
          "M - Professional, scientific and technical activities"
        ]
      },
      "uuid": "87eae00d-b973-46db-83a2-1f520aebcd44",
      "value": "Life science"
    },
    {
      "meta": {
        "NACE_CODE": [
          "Q - Human health and social work activities"
        ]
      },
      "uuid": "58282b0e-10d4-4294-8845-6f41a1e79730",
      "value": "Biomedical"
    },
    {
      "meta": {
        "NACE_CODE": [
          "J - Information and communication"
        ]
      },
      "uuid": "cd4dfa11-5f4a-4d02-a2cc-35603261e631",
      "value": "High tech"
    },
    {
      "uuid": "18daafae-a923-4cf5-bf87-d8b35dd297e2",
      "value": "Opposition"
    },
    {
      "meta": {
        "NACE_CODE": [
          "S - Other services activities"
        ]
      },
      "uuid": "a93f281c-1fb4-471d-88ba-dfe5f3af13ff",
      "value": "Political party"
    },
    {
      "meta": {
        "NACE_CODE": [
          "I - Accommodation and food service activities"
        ]
      },
      "uuid": "d1aa1165-981a-4d9f-aece-c130c5034e1b",
      "value": "Hospitality"
    },
    {
      "meta": {
        "NACE_CODE": [
          "C - Manufacturing"
        ]
      },
      "uuid": "79e7755d-d7fa-4bbc-b956-e296c614745e",
      "value": "Automotive"
    },
    {
      "meta": {
        "NACE_CODE": [
          "C - Manufacturing"
        ]
      },
      "uuid": "3a7dae7d-2590-4e80-9c13-c22048a09f8a",
      "value": "Metal"
    },
    {
      "meta": {
        "NACE_CODE": [
          "H - Transporting and storage"
        ]
      },
      "uuid": "02847338-fe03-4073-9f5b-c6fedc244b04",
      "value": "Railway"
    },
    {
      "meta": {
        "NACE_CODE": [
          "E - Water supply; sewerage; waste managment and remediation activities"
        ]
      },
      "uuid": "26282f7e-8db4-4369-8af1-3981f6a93350",
      "value": "Water"
    },
    {
      "meta": {
        "NACE_CODE": [
          "D - Electricity, gas, steam and air conditioning supply"
        ]
      },
      "uuid": "62487559-c0e5-4250-af48-d43fa2e61b82",
      "value": "Smart meter"
    },
    {
      "meta": {
        "NACE_CODE": [
          "G - Wholesale and retail trade; repair of motor vehicles and motorcycles"
        ]
      },
      "uuid": "a26ae91b-df10-4c6f-b7bc-14c7ba13f21d",
      "value": "Retail"
    },
    {
      "meta": {
        "NACE_CODE": [
          "J - Information and communication"
        ]
      },
      "uuid": "ff403f0f-67d0-494c-aff9-1d748b7e7d8d",
      "value": "Technology"
    },
    {
      "meta": {
        "NACE_CODE": [
          "M - Professional, scientific and technical activities"
        ]
      },
      "uuid": "e07cd84c-1d66-4de3-8b93-15fa93f119cc",
      "value": "Engineering"
    },
    {
      "meta": {
        "NACE_CODE": [
          "B - Mining and quarrying"
        ]
      },
      "uuid": "7508db07-ffd1-4137-9941-718f18370c4c",
      "value": "Mining"
    },
    {
      "meta": {
        "NACE_CODE": [
          "R - Arts, entertainment and recreation"
        ]
      },
      "uuid": "e8355f07-48c7-497b-9a14-3c2a6325ef3d",
      "value": "Sport"
    },
    {
      "meta": {
        "NACE_CODE": [
          "I - Accommodation and food service activities"
        ]
      },
      "uuid": "5eee85f4-f8dc-4dea-9ba2-af1e9f957097",
      "value": "Restaurant"
    },
    {
      "meta": {
        "NACE_CODE": [
          "C - Manufacturing"
        ],
        "synonyms": [
          "Semiconductor"
        ]
      },
      "uuid": "5b9bb2f4-3e03-46b9-ab65-a7f99b726a32",
      "value": "Semi-conductors"
    },
    {
      "meta": {
        "NACE_CODE": [
          "K - Financial and Insurance Activities"
        ]
      },
      "uuid": "c4f35266-0f80-4948-9c0a-f4681ed0d507",
      "value": "Insurance"
    },
    {
      "meta": {
        "NACE_CODE": [
          "M - Professional, scientific and technical activities"
        ]
      },
      "uuid": "94a7ffd4-d2e4-4324-be71-f274e84de089",
      "value": "Legal"
    },
    {
      "meta": {
        "NACE_CODE": [
          "H - Transporting and storage"
        ]
      },
      "uuid": "64483d7b-71a4-4130-803e-2c614a098d8b",
      "value": "Shipping"
    },
    {
      "meta": {
        "NACE_CODE": [
          "H - Transporting and storage"
        ]
      },
      "uuid": "934bc859-ebc4-48d7-adb7-5accd4f0f965",
      "value": "Logistic"
    },
    {
      "meta": {
        "NACE_CODE": [
          "F - Construction"
        ]
      },
      "uuid": "4b5c230d-70b8-4748-a27c-bec121c436d8",
      "value": "Construction"
    },
    {
      "meta": {
        "NACE_CODE": [
          "C - Manufacturing"
        ],
        "synonyms": [
          "ICS"
        ]
      },
      "uuid": "3153215a-784d-478e-a147-3410a5b43b39",
      "value": "Industrial"
    },
    {
      "meta": {
        "NACE_CODE": [
          "C - Manufacturing"
        ]
      },
      "uuid": "f4e11fd2-f2a2-4d09-8ed4-7ef978ccc03b",
      "value": "Communication equipment"
    },
    {
      "meta": {
        "NACE_CODE": [
          "N - Administrative and support service activities"
        ]
      },
      "uuid": "886e517c-0331-445e-9c4b-ebe08aeb01cd",
      "value": "Security Service"
    },
    {
      "meta": {
        "NACE_CODE": [
          "M - Professional, scientific and technical activities"
        ]
      },
      "uuid": "138159c5-0b29-46a5-91e2-fe01f7e7111d",
      "value": "Tax firm"
    },
    {
      "meta": {
        "NACE_CODE": [
          "J - Information and communication"
        ]
      },
      "uuid": "13fe4a5d-8d86-4875-b763-02bc5705810f",
      "value": "Television broadcast"
    },
    {
      "uuid": "d6335a0a-dfa2-4150-804b-86d06139e38a",
      "value": "Separatists"
    },
    {
      "uuid": "c2f32e7c-6162-4999-ac3b-356007446d18",
      "value": "Dissidents"
    },
    {
      "meta": {
        "NACE_CODE": [
          "J - Information and communication"
        ]
      },
      "uuid": "5a9da7ef-57b8-4a22-88be-b8b6556fd447",
      "value": "Digital services"
    },
    {
      "meta": {
        "NACE_CODE": [
          "J - Information and communication"
        ]
      },
      "uuid": "a10c2362-3ee9-4741-b5a5-c2fd1c7c730f",
      "value": "Digital infrastructure"
    },
    {
      "meta": {
        "NACE_CODE": [
          "N - Administrative and support service activities"
        ]
      },
      "uuid": "0904672b-c18a-450e-88d6-6a94dd0eb25a",
      "value": "Security actors"
    },
    {
      "meta": {
        "NACE_CODE": [
          "G - Wholesale and retail trade; repair of motor vehicles and motorcycles"
        ]
      },
      "uuid": "7e1ec8ba-24c4-4ad4-a596-7532ecbd0fbd",
      "value": "eCommerce"
    },
    {
      "uuid": "c529331a-e2a9-4ba9-bb92-d4f88ae3704b",
      "value": "Islamic forums"
    },
    {
      "meta": {
        "NACE_CODE": [
          "J - Information and communication"
        ]
      },
      "uuid": "ea95dce2-c2fc-48cb-95c7-d9200811f030",
      "value": "Journalist"
    },
    {
      "meta": {
        "NACE_CODE": [
          "J - Information and communication"
        ]
      },
      "uuid": "2287c024-9643-43ef-8776-858d3994b9ac",
      "value": "Streaming service"
    },
    {
      "meta": {
        "NACE_CODE": [
          "J - Information and communication"
        ]
      },
      "uuid": "867cbcb3-8baa-476f-bec5-ceb36e9b1e09",
      "value": "Publishing industry"
    },
    {
      "meta": {
        "NACE_CODE": [
          "S - Other services activities"
        ]
      },
      "uuid": "3929f589-ac94-4a6a-8360-122e06484db8",
      "value": "Islamic organisation"
    },
    {
      "meta": {
        "NACE_CODE": [
          "R - Arts, entertainment and recreation"
        ]
      },
      "uuid": "2e7ad54f-7637-4268-a9b9-cb2975d6bab9",
      "value": "Casino"
    },
    {
      "meta": {
        "NACE_CODE": [
          "M - Professional, scientific and technical activities"
        ]
      },
      "uuid": "87ad7866-bdfa-4a22-a4f3-c411fecb1d0d",
      "value": "Consulting"
    },
    {
      "meta": {
        "NACE_CODE": [
          "G - Wholesale and retail trade; repair of motor vehicles and motorcycles"
        ]
      },
      "uuid": "737a196b-7bab-460b-b199-d6626fca1af1",
      "value": "Online marketplace"
    },
    {
      "meta": {
        "NACE_CODE": [
          "J - Information and communication"
        ]
      },
      "uuid": "e48c0afc-afab-4ced-9a8b-a28d4a2efa08",
      "value": "DNS service provider"
    },
    {
      "meta": {
        "NACE_CODE": [
          "Q - Human health and social work activities"
        ]
      },
      "uuid": "4bc73e7c-d174-4faf-9176-d0ccc8ccfbbf",
      "value": "Veterinary"
    },
    {
      "meta": {
        "NACE_CODE": [
          "M - Professional, scientific and technical activities"
        ]
      },
      "uuid": "ee5720bb-c638-46f8-bdf2-55579bf37eb2",
      "value": "Marketing"
    },
    {
      "meta": {
        "NACE_CODE": [
          "J - Information and communication"
        ]
      },
      "uuid": "55d12d41-c558-4cdf-b2c5-f246403ca68f",
      "value": "Video Sharing"
    },
    {
      "meta": {
        "NACE_CODE": [
          "M - Professional, scientific and technical activities"
        ]
      },
      "uuid": "b018010e-272e-4ca9-8551-073618d7f2ad",
      "value": "Advertising"
    },
    {
      "meta": {
        "NACE_CODE": [
          "K - Financial and Insurance Activities"
        ]
      },
      "uuid": "40d66f31-36c2-42ff-97c6-97b34b5ce04e",
      "value": "Investment"
    },
    {
      "meta": {
        "NACE_CODE": [
          "M - Professional, scientific and technical activities"
        ]
      },
      "uuid": "6edffd60-443c-4238-b368-362b47340d8b",
      "value": "Accounting"
    },
    {
      "meta": {
        "NACE_CODE": [
          "J - Information and communication"
        ]
      },
      "uuid": "855f40e1-074e-4818-8082-696a54adf13f",
      "value": "Programming"
    },
    {
      "meta": {
        "NACE_CODE": [
          "J - Information and communication"
        ]
      },
      "uuid": "f9260307-f792-4e60-8aa5-e2b4f84adadb",
      "value": "Managed Services Provider"
    },
    {
      "meta": {
        "NACE_CODE": [
          "M - Professional, scientific and technical activities"
        ]
      },
      "uuid": "56eee132-fc01-410c-ada0-44d713443bf2",
      "value": "Lawyers"
    },
    {
      "meta": {
        "NACE_CODE": [
          "S - Other services activities"
        ]
      },
      "uuid": "9c1f6a5b-d9de-4cce-a024-7437cb20e24e",
      "value": "Civil society"
    },
    {
      "meta": {
        "NACE_CODE": [
          "B - Mining and quarrying"
        ]
      },
      "uuid": "1f1c762b-1e39-4989-8679-cc1f9cb08349",
      "value": "Petrochemical"
    },
    {
      "uuid": "bfd171a5-33f5-4c79-81c5-3dda99dae559",
      "value": "Immigration"
    },
    {
      "meta": {
        "NACE_CODE": [
          "S - Other services activities"
        ],
        "synonyms": [
          "voluntary",
          "charitable",
          "non-profit-making",
          "not-for-profit"
        ]
      },
      "uuid": "65d6aaaf-a2fb-4409-bfc6-ddf1da9ecc8b",
      "value": "Non-profit organisation"
    }
  ],
  "version": 5
}
