{
    "galaxy": {
        "name": "Tidal Campaigns",
        "namespace": "tidal",
        "description": "Tidal Campaigns Galaxy",
        "type": "campaigns",
        "uuid": "3db4b6cb-5b89-4096-a057-e0205777adc9",
        "icon": "bullhorn"
    },
    "cluster": {
        "authors": [
            "Tidal Cyber"
        ],
        "category": "Campaigns",
        "description": "Tidal Campaigns Cluster",
        "name": "Tidal Campaigns",
        "source": "https://app-api.tidalcyber.com/api/v1/campaigns/",
        "type": "campaigns"
    }
}