{
    "galaxy": {
        "name": "Tidal Groups",
        "namespace": "tidal",
        "description": "Tidal Groups Galaxy",
        "type": "groups",
        "uuid": "877cdc4b-3392-4353-a7d4-2e46d40e5936",
        "icon": "user-secret"
    },
    "cluster": {
        "authors": [
            "Tidal Cyber"
        ],
        "category": "Threat Groups",
        "description": "Tidal Groups Galaxy",
        "name": "Tidal Groups",
        "source": "https://app-api.tidalcyber.com/api/v1/groups/",
        "type": "groups"
    }
}