{
    "galaxy": {
        "name": "Tidal References",
        "namespace": "tidal",
        "description": "Tidal References Galaxy",
        "type": "references",
        "uuid": "efd98ec4-16ef-41c4-bc3c-60c7c1ae8b39",
        "icon": "list"
    },
    "cluster": {
        "authors": [
            "Tidal Cyber"
        ],
        "category": "References",
        "description": "Tidal References Cluster",
        "name": "Tidal References",
        "source": "https://app-api.tidalcyber.com/api/v1/references/",
        "type": "references"
    }
}