{
    "galaxy": {
        "name": "Tidal Software",
        "namespace": "tidal",
        "description": "Tidal Software Galaxy",
        "type": "software",
        "uuid": "6eb44da4-ed4f-4a5d-a444-0f105ff1b3c2",
        "icon": "file-code"
    },
    "cluster": {
        "authors": [
            "Tidal Cyber"
        ],
        "category": "Software",
        "description": "Tidal Software Cluster",
        "name": "Tidal Software",
        "source": "https://app-api.tidalcyber.com/api/v1/software/",
        "type": "software"
    }
}