{
    "galaxy": {
        "name": "Tidal Tactic",
        "namespace": "tidal",
        "description": "Tidal Tactic Galaxy",
        "type": "tactic",
        "uuid": "16b963e7-4b88-44e0-b184-16bf9e71fdc9",
        "icon": "map"
    },
    "cluster": {
        "authors": [
            "Tidal Cyber"
        ],
        "category": "Tactic",
        "description": "Tidal Tactic Cluster",
        "name": "Tidal Tactic",
        "source": "https://app-api.tidalcyber.com/api/v1/tactic/",
        "type": "tactic"
    }
}