{
    "galaxy": {
        "name": "Tidal Technique",
        "namespace": "tidal",
        "description": "Tidal Technique Galaxy",
        "type": "technique",
        "uuid": "298b6aee-981b-4fd8-8759-a2e72ad223fa",
        "icon": "user-ninja"
    },
    "cluster": {
        "authors": [
            "Tidal Cyber"
        ],
        "category": "Technique",
        "description": "Tidal Technique Cluster",
        "name": "Tidal Technique",
        "source": "https://app-api.tidalcyber.com/api/v1/technique/",
        "type": "technique"
    }
}