{
  "values": [
    {
      "value": "agriculture"
    },
    {
      "value": "aerospace"
    },
    {
      "value": "automotive"
    },
    {
      "value": "communications"
    },
    {
      "value": "construction"
    },
    {
      "value": "defence"
    },
    {
      "value": "education"
    },
    {
      "value": "energy"
    },
    {
      "value": "engineering"
    },
    {
      "value": "entertainment"
    },
    {
      "value": "financial­services"
    },
    {
      "value": "government­national"
    },
    {
      "value": "government­regional"
    },
    {
      "value": "government­local"
    },
    {
      "value": "government­public­services"
    },
    {
      "value": "healthcare"
    },
    {
      "value": "hospitality­leisure"
    },
    {
      "value": "infrastructure"
    },
    {
      "value": "insurance"
    },
    {
      "value": "manufacturing"
    },
    {
      "value": "mining"
    },
    {
      "value": "non­profit"
    },
    {
      "value": "pharmaceuticals"
    },
    {
      "value": "retail"
    },
    {
      "value": "technology"
    },
    {
      "value": "telecommunications"
    },
    {
      "value": "transportation"
    },
    {
      "value": "utilities"
    }
  ],
  "version" : 1,
  "description": "List of activity sectors",
  "source": "MISP Project",
  "author": ["MISP"],
  "uuid": "dab720f8-c474-11e7-8079-e3e1db7d15e4",
  "type": "sector"
}
