{
  "description": "CONCORDIA Mobile Modeling Framework - Tactics",
  "icon": "mobile",
  "kill_chain_order": {
    "cmtmf-attack": [
      "reconnaissance",
      "resource-development",
      "initial-access",
      "execution",
      "persistence",
      "privilege-escalation",
      "defense-evasion",
      "credential-access",
      "discovery",
      "lateral-movement",
      "collection",
      "command-and-control",
      "exfiltration",
      "impact"
    ]
  },
  "name": "CONCORDIA Mobile Modelling Framework - Attack Pattern",
  "namespace": "cmmf-attack",
  "type": "cmtmf-attack-pattern",
  "uuid": "51060d01-ef29-40ab-8965-8031d0941811",
  "version": 3
}
