{
  "description": "DISARM is a framework designed for describing and understanding disinformation incidents.",
  "icon": "user-secret",
  "kill_chain_order": {
    "sectors": [
      "Nonprofit",
      "Civil Society",
      "Government",
      "Academic",
      "Activist",
      "General Public",
      "Social Media Company",
      "Other Tech Company",
      "Other Company",
      "Media",
      ""
    ]
  },
  "name": "Actor Types",
  "namespace": "disarm",
  "type": "disarm-actortypes",
  "uuid": "1658af88-b847-532d-adc9-efaea8604f14",
  "version": 1
}
