{
  "description": "Universal Development and Security Guidelines as Applicable to Election Technology.",
  "icon": "map",
  "kill_chain_order": {
    "example-of-threats": [
      "setup | party/candidate-registration",
      "setup | electoral-rolls",
      "campaign | campaign-IT",
      "all-phases | governement-IT",
      "voting | election-technology",
      "campaign/public-communication | media/press"
    ]
  },
  "name": "Election guidelines",
  "namespace": "misp",
  "type": "guidelines",
  "uuid": "c1dc03b2-89b3-42a5-9d41-782ef726435a",
  "version": 1
}
