{
  "description": "The Domain Name System (DNS) is a critical part of the Internet, including mapping domain names to IP addresses. Malicious threat actors use domain names, their corresponding technical resources, and other parts of the DNS infrastructure, including its protocols, for their malicious cyber operations. CERTs are confronted with reported DNS abuse on a continuous basis, and rely heavily on DNS analysis and infrastructure to protect their constituencies. Understanding the international customary norms applicable for detecting and mitigating DNS abuse from the perspective of the global incident response community is critical for the open Internet’s stability, security and resiliency. See also https://www.first.org/global/sigs/dns/ for more information.",
  "icon": "database",
  "name": "FIRST DNS Abuse Techniques Matrix",
  "namespace": "first-dns",
  "type": "first-dns",
  "uuid": "67d44607-ae1d-4b01-a419-c311e68fb28a",
  "version": 1
}
