{
  "description": "This taxonomy defines common forms of abuses and entities that represent real-world actors and service that are part of a larger Darknet- and Cryptoasset Ecosystems.",
  "icon": "user-secret",
  "kill_chain_order": {
    "Abuses": [
      "Concept"
    ],
    "Entities": [
      "Actor",
      "Asset",
      "Authorities",
      "Cryptocurrency",
      "Dark_Web",
      "Generic",
      "Infrastructure",
      "Process",
      "Service",
      "Technology",
      "Wallet"
    ]
  },
  "name": "INTERPOL DWVA Taxonomy",
  "namespace": "interpol",
  "type": "dwva",
  "uuid": "a375d7fd-0a3e-41cf-a531-ef56033df967",
  "version": 1
}
