{
  "description": "AM!TT Tactic",
  "icon": "map",
  "kill_chain_order": {
    "misinformation-tactics": [
      "Strategic Planning",
      "Objective Planning",
      "Develop People",
      "Develop Networks",
      "Microtargeting",
      "Develop Content",
      "Channel Selection",
      "Pump Priming",
      "Exposure",
      "Go Physical",
      "Persistence",
      "Measure Effectiveness"
    ]
  },
  "name": "Misinformation Pattern",
  "namespace": "misinfosec",
  "type": "amitt-misinformation-pattern",
  "uuid": "4d381145-9a5e-4778-918c-fbf23d78544e",
  "version": 4
}
