{
  "description": "Reference Security Incident Classification Taxonomy",
  "icon": "map",
  "kill_chain_order": {
    "RSIT": [
      "Abusive Content",
      "Malicious Code",
      "Information Gathering",
      "Intrusion Attempts",
      "Intrusions",
      "Availability",
      "Information Content Security",
      "Fraud",
      "Vulnerable",
      "Other",
      "Test"
    ]
  },
  "name": "rsit",
  "namespace": "RSIT",
  "type": "rsit",
  "uuid": "ddff602c-d2a3-431e-b9e2-2eb5a39a6473",
  "version": 1
}
