{
  "description": "Microsoft Defender for Cloud threat matrix for storage services contains attack tactics, techniques and mitigations relevant storage services delivered by cloud providers.",
  "icon": "map",
  "kill_chain_order": {
    "TMSS-tactics": [
      "Reconnaissance",
      "Initial Access",
      "Persistence",
      "Defense Evasion",
      "Credential Access",
      "Discovery",
      "Lateral Movement",
      "Exfiltration",
      "Impact"
    ]
  },
  "name": "Threat Matrix for storage services",
  "namespace": "microsoft",
  "type": "tmss",
  "uuid": "d6532b58-99e0-44a9-93c8-affe055e4443",
  "version": 1
}
